,URL,Rate
0,http://www.skiresort.info/ski-resort/kitzski-kitzbuehelkirchberg/,4.9
1,http://www.skiresort.info/ski-resort/ischglsamnaun-silvretta-arena/,4.8
2,http://www.skiresort.info/ski-resort/skiwelt-wilder-kaiser-brixental/,4.8
3,http://www.skiresort.info/ski-resort/st-antonst-christophstubenlechzuerswarthschroecken-ski-arlberg/,4.8
4,http://www.skiresort.info/ski-resort/serfaus-fiss-ladis/,4.8
5,http://www.skiresort.info/ski-resort/saalbach-hinterglemm-leogang-fieberbrunn-skicircus/,4.7
6,http://www.skiresort.info/ski-resort/kaltenbach-hochzillertalhochfuegen-ski-optimal/,4.7
7,http://www.skiresort.info/ski-resort/arosa-lenzerheide/,4.7
8,http://www.skiresort.info/ski-resort/val-gardena-groeden/,4.7
9,http://www.skiresort.info/ski-resort/zillertal-arena-zell-am-zillergerloskoenigsleitenhochkrimml/,4.7
10,http://www.skiresort.info/ski-resort/st-moritz-corviglia/,4.7
11,http://www.skiresort.info/ski-resort/schladming-planaihochwurzenhauser-kaiblingreiteralm-4-berge-skischaukel/,4.7
12,http://www.skiresort.info/ski-resort/soelden/,4.7
13,http://www.skiresort.info/ski-resort/silvretta-montafon/,4.6
14,http://www.skiresort.info/ski-resort/madonna-di-campigliopinzolofolgaridamarilleva/,4.6
15,http://www.skiresort.info/ski-resort/les-3-vallees-val-thorensles-menuiresmeribelcourchevel/,4.6
16,http://www.skiresort.info/ski-resort/mayrhofen-penkenahornrastkogeleggalm/,4.6
17,http://www.skiresort.info/ski-resort/tignesval-disere/,4.6
18,http://www.skiresort.info/ski-resort/obertauern/,4.5
19,http://www.skiresort.info/ski-resort/gurgl-obergurgl-hochgurgl/,4.5
20,http://www.skiresort.info/ski-resort/laaxflimsfalera/,4.5
21,http://www.skiresort.info/ski-resort/zermattbreuil-cerviniavaltournenche-matterhorn/,4.5
22,http://www.skiresort.info/ski-resort/hochkoenig-maria-almdientenmuehlbach/,4.5
23,http://www.skiresort.info/ski-resort/kronplatz-plan-de-corones/,4.5
24,http://www.skiresort.info/ski-resort/snow-space-salzburg-flachauwagrainst-johann-alpendorf/,4.5
25,http://www.skiresort.info/ski-resort/aletsch-arena-riederalpbettmeralpfiesch-eggishorn/,4.4
26,http://www.skiresort.info/ski-resort/schmittenhoehe-zell-am-see/,4.4
27,http://www.skiresort.info/ski-resort/latemar-obereggenpampeagopredazzo/,4.4
28,http://www.skiresort.info/ski-resort/wildkogel-neukirchenbramberg/,4.4
29,http://www.skiresort.info/ski-resort/kitzsteinhornmaiskogel-kaprun/,4.4
30,http://www.skiresort.info/ski-resort/bad-gasteinbad-hofgastein-schlossalmangertalstubnerkogel/,4.4
31,http://www.skiresort.info/ski-resort/andermattoberalpsedrun/,4.4
32,http://www.skiresort.info/ski-resort/serre-chevalier-brianconchantemerlevilleneuve-la-sallele-monetier-les-bains/,4.4
33,http://www.skiresort.info/ski-resort/adelbodenlenk-chuenisbaerglisillerenhahnenmoosmetsch/,4.4
34,http://www.skiresort.info/ski-resort/la-plagne-paradiski/,4.4
35,http://www.skiresort.info/ski-resort/grandvalira-pas-de-la-casagrau-roigsoldeuel-tartercanilloencamp/,4.4
36,http://www.skiresort.info/ski-resort/levi/,4.3
37,http://www.skiresort.info/ski-resort/klausberg-skiworld-ahrntal/,4.3
38,http://www.skiresort.info/ski-resort/la-molinamasella-alp2500/,4.3
39,http://www.skiresort.info/ski-resort/3-zinnen-dolomites-helmstiergartenrotwandkreuzbergpass/,4.3
40,http://www.skiresort.info/ski-resort/scuol-motta-naluns/,4.3
41,http://www.skiresort.info/ski-resort/titlis-engelberg/,4.3
42,http://www.skiresort.info/ski-resort/katschberg/,4.3
43,http://www.skiresort.info/ski-resort/alpe-di-siusi-seiser-alm/,4.3
44,http://www.skiresort.info/ski-resort/les-2-alpes/,4.3
45,http://www.skiresort.info/ski-resort/turracher-hoehe/,4.3
46,http://www.skiresort.info/ski-resort/livigno/,4.3
47,http://www.skiresort.info/ski-resort/4-vallees-verbierla-tzoumaznendazveysonnazthyon/,4.3
48,http://www.skiresort.info/ski-resort/alta-badia/,4.3
49,http://www.skiresort.info/ski-resort/les-portes-du-soleil-morzineavoriazles-getschatelmorginschampery/,4.3
50,http://www.skiresort.info/ski-resort/belpiano-schoenebenmalga-san-valentino-haideralm/,4.2
51,http://www.skiresort.info/ski-resort/carezza/,4.2
52,http://www.skiresort.info/ski-resort/ski-juwel-alpbachtal-wildschoenau/,4.2
53,http://www.skiresort.info/ski-resort/damuels-mellau/,4.2
54,http://www.skiresort.info/ski-resort/steinplattewinklmoosalm-waidringreit-im-winkl/,4.2
55,http://www.skiresort.info/ski-resort/grossglockner-resort-kals-matrei/,4.2
56,http://www.skiresort.info/ski-resort/gitschberg-jochtal/,4.2
57,http://www.skiresort.info/ski-resort/nauders-am-reschenpass-bergkastel/,4.2
58,http://www.skiresort.info/ski-resort/ponte-di-legnotonalepresena-glaciertemu-pontedilegno-tonale/,4.2
59,http://www.skiresort.info/ski-resort/flumserberg/,4.2
60,http://www.skiresort.info/ski-resort/obersaxenmundaunval-lumnezia/,4.2
61,http://www.skiresort.info/ski-resort/bansko/,4.2
62,http://www.skiresort.info/ski-resort/kopaonik/,4.2
63,http://www.skiresort.info/ski-resort/speikboden-skiworld-ahrntal/,4.2
64,http://www.skiresort.info/ski-resort/saint-lary-soulan/,4.2
65,http://www.skiresort.info/ski-resort/jakobshorn-davos-klosters/,4.2
66,http://www.skiresort.info/ski-resort/kleine-scheideggmaennlichen-grindelwaldwengen/,4.2
67,http://www.skiresort.info/ski-resort/parsenn-davos-klosters/,4.2
68,http://www.skiresort.info/ski-resort/passo-san-pellegrinofalcade/,4.2
69,http://www.skiresort.info/ski-resort/alpe-dhuez/,4.2
70,http://www.skiresort.info/ski-resort/belvederecol-rodellaciampacbuffaure-canazeicampitelloalbapozza-di-fassa/,4.2
71,http://www.skiresort.info/ski-resort/trysil/,4.2
72,http://www.skiresort.info/ski-resort/nassfeld-hermagor/,4.2
73,http://www.skiresort.info/ski-resort/baqueiraberet/,4.2
74,http://www.skiresort.info/ski-resort/via-lattea-sestrieresauze-doulxsan-sicarioclavieremontgenevre/,4.2
75,http://www.skiresort.info/ski-resort/paganella-andalo/,4.1
76,http://www.skiresort.info/ski-resort/kuehtai/,4.1
77,http://www.skiresort.info/ski-resort/stubai-glacier-stubaier-gletscher/,4.1
78,http://www.skiresort.info/ski-resort/arabbamarmolada/,4.1
79,http://www.skiresort.info/ski-resort/corvatschfurtschellas/,4.1
80,http://www.skiresort.info/ski-resort/grossarltaldorfgastein/,4.1
81,http://www.skiresort.info/ski-resort/megevesaint-gervais/,4.1
82,http://www.skiresort.info/ski-resort/zauchenseeflachauwinkl/,4.1
83,http://www.skiresort.info/ski-resort/les-arcspeisey-vallandry-paradiski/,4.1
84,http://www.skiresort.info/ski-resort/le-grand-massif-flaineles-carrozmorillonsamoenssixt/,4.1
85,http://www.skiresort.info/ski-resort/espace-diamant-les-saisiesnotre-dame-de-bellecombepraz-sur-arlyflumetcrest-voland/,4.1
86,http://www.skiresort.info/ski-resort/san-martino-di-castrozza/,4.0
87,http://www.skiresort.info/ski-resort/almenwelt-lofer/,4.0
88,http://www.skiresort.info/ski-resort/racines-giovo-ratschings-jaufenmalga-calice-kalcheralm/,4.0
89,http://www.skiresort.info/ski-resort/lermoos-grubigstein/,4.0
90,http://www.skiresort.info/ski-resort/folgariafiorentini/,4.0
91,http://www.skiresort.info/ski-resort/yllaes/,4.0
92,http://www.skiresort.info/ski-resort/pyhae/,4.0
93,http://www.skiresort.info/ski-resort/ruka/,4.0
94,http://www.skiresort.info/ski-resort/golm/,4.0
95,http://www.skiresort.info/ski-resort/les-angles/,4.0
96,http://www.skiresort.info/ski-resort/peyragudes/,4.0
97,http://www.skiresort.info/ski-resort/cerler/,4.0
98,http://www.skiresort.info/ski-resort/hintertux-glacier-hintertuxer-gletscher/,4.0
99,http://www.skiresort.info/ski-resort/civetta-allegheselva-di-cadorepalafaverazoldo/,4.0
100,http://www.skiresort.info/ski-resort/plose-brixen-bressanone/,4.0
101,http://www.skiresort.info/ski-resort/first-grindelwald/,4.0
102,http://www.skiresort.info/ski-resort/st-johann-in-tiroloberndorf-harschbichl/,4.0
103,http://www.skiresort.info/ski-resort/saas-fee/,4.0
104,http://www.skiresort.info/ski-resort/hemsedal/,4.0
105,http://www.skiresort.info/ski-resort/hafjell/,4.0
106,http://www.skiresort.info/ski-resort/radstadtaltenmarkt/,4.0
107,http://www.skiresort.info/ski-resort/alagna-valsesiagressoney-la-trinitechampolucfrachey-monterosa-ski/,4.0
108,http://www.skiresort.info/ski-resort/cortina-dampezzo/,4.0
109,http://www.skiresort.info/ski-resort/alpe-lusia-moenabellamonte/,4.0
110,http://www.skiresort.info/ski-resort/tauplitz-bad-mitterndorf/,4.0
111,http://www.skiresort.info/ski-resort/hochzeiger-jerzens/,4.0
112,http://www.skiresort.info/ski-resort/aare/,4.0
113,http://www.skiresort.info/ski-resort/dachstein-west-gosaurussbachannaberg/,4.0
114,http://www.skiresort.info/ski-resort/rinderbergsaanerslochgrathorneggli-zweisimmensaanenmoeserschoenriedst-stephan/,4.0
115,http://www.skiresort.info/ski-resort/galtuer-silvapark/,4.0
116,http://www.skiresort.info/ski-resort/les-sybelles-le-corbierla-toussuireles-bottieresst-colomban-des-villardsst-sorlinst-jean-darves/,4.0
117,http://www.skiresort.info/ski-resort/jasna-nizke-tatry-chopok/,4.0
118,http://www.skiresort.info/ski-resort/formigal/,4.0
119,http://www.skiresort.info/ski-resort/sillian-thurntaler-hochpustertal/,3.9
120,http://www.skiresort.info/ski-resort/hochoetz-oetz/,3.9
121,http://www.skiresort.info/ski-resort/spieljoch-fuegen/,3.9
122,http://www.skiresort.info/ski-resort/wildhaus-gamserrugg-toggenburg/,3.9
123,http://www.skiresort.info/ski-resort/hemavan/,3.9
124,http://www.skiresort.info/ski-resort/stoos-fronalpstockklingenstock/,3.9
125,http://www.skiresort.info/ski-resort/kvitfjell/,3.9
126,http://www.skiresort.info/ski-resort/idre-fjaell/,3.9
127,http://www.skiresort.info/ski-resort/kreischberg/,3.9
128,http://www.skiresort.info/ski-resort/fellhornkanzelwand-oberstdorfriezlern/,3.9
129,http://www.skiresort.info/ski-resort/hinterstoder-hoess/,3.9
130,http://www.skiresort.info/ski-resort/varsrisoul-la-foret-blanche/,3.9
131,http://www.skiresort.info/ski-resort/le-grand-domaine-valmoreldoucycelliersst-francois-longchamp/,3.9
132,http://www.skiresort.info/ski-resort/galibier-thabor-valmeiniervalloire/,3.9
133,http://www.skiresort.info/ski-resort/espace-san-bernardo-la-rosierela-thuile/,3.9
134,http://www.skiresort.info/ski-resort/axamer-lizum/,3.8
135,http://www.skiresort.info/ski-resort/st-jakob-im-defereggental-brunnalm/,3.8
136,http://www.skiresort.info/ski-resort/ladurns/,3.8
137,http://www.skiresort.info/ski-resort/monte-bondone/,3.8
138,http://www.skiresort.info/ski-resort/hohsaas-saas-grund/,3.8
139,http://www.skiresort.info/ski-resort/pizol-bad-ragazwangs/,3.8
140,http://www.skiresort.info/ski-resort/garmisch-classic-garmisch-partenkirchen/,3.8
141,http://www.skiresort.info/ski-resort/hoch-ybrig-unteribergoberiberg/,3.8
142,http://www.skiresort.info/ski-resort/pitztal-glacier-pitztaler-gletscher/,3.8
143,http://www.skiresort.info/ski-resort/bad-kleinkirchheim/,3.8
144,http://www.skiresort.info/ski-resort/lauchernalp-loetschental/,3.8
145,http://www.skiresort.info/ski-resort/meiringen-hasliberg/,3.8
146,http://www.skiresort.info/ski-resort/riesneralm-donnersbachwald/,3.8
147,http://www.skiresort.info/ski-resort/brandnertal-brandbuerserberg/,3.8
148,http://www.skiresort.info/ski-resort/tandaadalenhundfjaellet-saelen/,3.8
149,http://www.skiresort.info/ski-resort/ehrwalder-alm-ehrwald/,3.8
150,http://www.skiresort.info/ski-resort/brigelswaltensburgandiast/,3.8
151,http://www.skiresort.info/ski-resort/myrkdalen/,3.8
152,http://www.skiresort.info/ski-resort/alpe-cermis-cavalese/,3.8
153,http://www.skiresort.info/ski-resort/val-cenis-lanslevillardlanslebourgtermignon/,3.8
154,http://www.skiresort.info/ski-resort/les-contamineshauteluce/,3.8
155,http://www.skiresort.info/ski-resort/les-7-laux-prapoutelle-pleynetpipay/,3.8
156,http://www.skiresort.info/ski-resort/la-clusazmanigod/,3.8
157,http://www.skiresort.info/ski-resort/grimentzzinal/,3.8
158,http://www.skiresort.info/ski-resort/espace-villard-correncon-villard-de-lanscorrencon-en-vercors/,3.8
159,http://www.skiresort.info/ski-resort/espace-lumiere-pra-loupval-dallos/,3.8
160,http://www.skiresort.info/ski-resort/arber/,3.7
161,http://www.skiresort.info/ski-resort/rosskopf-monte-cavallo-sterzing-vipiteno/,3.7
162,http://www.skiresort.info/ski-resort/schlick-2000-fulpmes/,3.7
163,http://www.skiresort.info/ski-resort/elm-im-sernftal/,3.7
164,http://www.skiresort.info/ski-resort/pejo-3000/,3.7
165,http://www.skiresort.info/ski-resort/see/,3.7
166,http://www.skiresort.info/ski-resort/ofterschwanggunzesried-ofterschwanger-horn/,3.7
167,http://www.skiresort.info/ski-resort/loser-altaussee/,3.7
168,http://www.skiresort.info/ski-resort/borovets/,3.7
169,http://www.skiresort.info/ski-resort/kaunertal-glacier-kaunertaler-gletscher/,3.7
170,http://www.skiresort.info/ski-resort/jahorina/,3.7
171,http://www.skiresort.info/ski-resort/nebelhorn-oberstdorf/,3.7
172,http://www.skiresort.info/ski-resort/soellereck-oberstdorf/,3.7
173,http://www.skiresort.info/ski-resort/catinacciociampedie-vigo-di-fassapera-di-fassa/,3.7
174,http://www.skiresort.info/ski-resort/dundret-lapland-gaellivare/,3.7
175,http://www.skiresort.info/ski-resort/madrisa-davos-klosters/,3.7
176,http://www.skiresort.info/ski-resort/filzmoos/,3.7
177,http://www.skiresort.info/ski-resort/hoernerbahn-bolsterlang/,3.7
178,http://www.skiresort.info/ski-resort/oberjoch-bad-hindelang-iseler/,3.7
179,http://www.skiresort.info/ski-resort/ifen/,3.7
180,http://www.skiresort.info/ski-resort/christlum-achenkirch/,3.7
181,http://www.skiresort.info/ski-resort/geilo/,3.7
182,http://www.skiresort.info/ski-resort/isola-2000/,3.7
183,http://www.skiresort.info/ski-resort/les-houchessaint-gervais-prarionbellevue-chamonix/,3.7
184,http://www.skiresort.info/ski-resort/breventflegere-chamonix/,3.7
185,http://www.skiresort.info/ski-resort/spindleruv-mlyn/,3.7
186,http://www.skiresort.info/ski-resort/sudelfeld-bayrischzell/,3.7
187,http://www.skiresort.info/ski-resort/bergeralm-steinach-am-brenner/,3.7
188,http://www.skiresort.info/ski-resort/moelltal-glacier-moelltaler-gletscher/,3.7
189,http://www.skiresort.info/ski-resort/hovden/,3.7
190,http://www.skiresort.info/ski-resort/lindvallenhoegfjaellet-saelen/,3.7
191,http://www.skiresort.info/ski-resort/lachtal/,3.7
192,http://www.skiresort.info/ski-resort/meran-2000/,3.7
193,http://www.skiresort.info/ski-resort/val-senales-glacier-schnalstaler-gletscher/,3.7
194,http://www.skiresort.info/ski-resort/schwemmalm/,3.7
195,http://www.skiresort.info/ski-resort/disentis/,3.7
196,http://www.skiresort.info/ski-resort/gargellen/,3.7
197,http://www.skiresort.info/ski-resort/berwangbichlbachrinnen/,3.7
198,http://www.skiresort.info/ski-resort/rauriser-hochalmbahnen-rauris/,3.7
199,http://www.skiresort.info/ski-resort/crans-montana/,3.7
200,http://www.skiresort.info/ski-resort/grosseckspeiereck-mauterndorfst-michael/,3.7
201,http://www.skiresort.info/ski-resort/schilthorn-muerrenlauterbrunnen/,3.7
202,http://www.skiresort.info/ski-resort/sulden-am-ortler-solda-allortles/,3.7
203,http://www.skiresort.info/ski-resort/flachauwinklkleinarl-shuttleberg/,3.7
204,http://www.skiresort.info/ski-resort/gerlitzen/,3.7
205,http://www.skiresort.info/ski-resort/kappl/,3.7
206,http://www.skiresort.info/ski-resort/diedamskopf-schoppernau/,3.7
207,http://www.skiresort.info/ski-resort/palarinsal-la-massana-vallnord/,3.7
208,http://www.skiresort.info/ski-resort/grand-tourmaletpic-du-midi-la-mongiebareges/,3.7
209,http://www.skiresort.info/ski-resort/sierra-nevada-pradollano/,3.7
210,http://www.skiresort.info/ski-resort/zettersfeld-lienz/,3.6
211,http://www.skiresort.info/ski-resort/glungezer-tulfes/,3.6
212,http://www.skiresort.info/ski-resort/hochficht/,3.6
213,http://www.skiresort.info/ski-resort/pamporovo/,3.6
214,http://www.skiresort.info/ski-resort/vogel-bohinj/,3.6
215,http://www.skiresort.info/ski-resort/patscherkofel-innsbruck-igls/,3.6
216,http://www.skiresort.info/ski-resort/kolasin-1450kolasin-1600/,3.6
217,http://www.skiresort.info/ski-resort/reinswald-san-martino-in-sarentino/,3.6
218,http://www.skiresort.info/ski-resort/zuoz-pizzetalbanas/,3.6
219,http://www.skiresort.info/ski-resort/gruesch-danusa/,3.6
220,http://www.skiresort.info/ski-resort/moenichkirchenmariensee/,3.6
221,http://www.skiresort.info/ski-resort/brauneck-lenggrieswegscheid/,3.6
222,http://www.skiresort.info/ski-resort/sportgastein/,3.6
223,http://www.skiresort.info/ski-resort/gemsstock-andermatt/,3.6
224,http://www.skiresort.info/ski-resort/auron-saint-etienne-de-tinee/,3.6
225,http://www.skiresort.info/ski-resort/diavolezzalagalb/,3.6
226,http://www.skiresort.info/ski-resort/szczyrk-mountain-resort/,3.6
227,http://www.skiresort.info/ski-resort/vemdalsskalet/,3.6
228,http://www.skiresort.info/ski-resort/rosa-khutor/,3.6
229,http://www.skiresort.info/ski-resort/pfelders-moos-in-passeier/,3.6
230,http://www.skiresort.info/ski-resort/grossglockner-heiligenblut/,3.6
231,http://www.skiresort.info/ski-resort/skeikampen-gausdal/,3.6
232,http://www.skiresort.info/ski-resort/rosshuette-seefeld/,3.6
233,http://www.skiresort.info/ski-resort/savognin/,3.6
234,http://www.skiresort.info/ski-resort/orcieres-merlette-1850/,3.6
235,http://www.skiresort.info/ski-resort/les-orres/,3.6
236,http://www.skiresort.info/ski-resort/devoluy-superdevoluyla-joue-du-loup/,3.6
237,http://www.skiresort.info/ski-resort/chamrousse/,3.6
238,http://www.skiresort.info/ski-resort/bardonecchia/,3.6
239,http://www.skiresort.info/ski-resort/alto-sangro-roccarasorivisondoli/,3.6
240,http://www.skiresort.info/ski-resort/sonnenkopf-kloesterle/,3.5
241,http://www.skiresort.info/ski-resort/ehrwalder-wettersteinbahnen-ehrwald/,3.5
242,http://www.skiresort.info/ski-resort/krvavec/,3.5
243,http://www.skiresort.info/ski-resort/watles-malles-venosta-mals/,3.5
244,http://www.skiresort.info/ski-resort/hochkoessen-unterberghorn-koessen/,3.5
245,http://www.skiresort.info/ski-resort/nesselwang-alpspitze-alpspitzbahn/,3.5
246,http://www.skiresort.info/ski-resort/vent/,3.5
247,http://www.skiresort.info/ski-resort/weissee-gletscherwelt-uttendorf/,3.5
248,http://www.skiresort.info/ski-resort/grands-montets-argentiere-chamonix/,3.5
249,http://www.skiresort.info/ski-resort/werfenweng/,3.5
250,http://www.skiresort.info/ski-resort/spitzingsee-tegernsee/,3.5
251,http://www.skiresort.info/ski-resort/rinerhorn-davos-klosters/,3.5
252,http://www.skiresort.info/ski-resort/venet-landeckzamsfliess/,3.5
253,http://www.skiresort.info/ski-resort/rifflsee/,3.5
254,http://www.skiresort.info/ski-resort/gaustablikk-rjukan/,3.5
255,http://www.skiresort.info/ski-resort/malbun/,3.5
256,http://www.skiresort.info/ski-resort/spluegen-tambo/,3.5
257,http://www.skiresort.info/ski-resort/bormio-cima-bianca/,3.5
258,http://www.skiresort.info/ski-resort/feldberg-seebuckgrafenmattfahl/,3.5
259,http://www.skiresort.info/ski-resort/bellwald/,3.5
260,http://www.skiresort.info/ski-resort/tatranska-lomnica/,3.5
261,http://www.skiresort.info/ski-resort/ordino-arcalis/,3.5
262,http://www.skiresort.info/ski-resort/villarsgryonles-diablerets/,3.5
263,http://www.skiresort.info/ski-resort/valfrejus/,3.5
264,http://www.skiresort.info/ski-resort/puy-saint-vincent/,3.5
265,http://www.skiresort.info/ski-resort/mondole-ski-artesinafrabosa-sopranaprato-nevoso/,3.5
266,http://www.skiresort.info/ski-resort/les-portes-du-mont-blanc-comblouxmegeve-le-jailletla-giettaz/,3.5
267,http://www.skiresort.info/ski-resort/le-grand-bornand/,3.5
268,http://www.skiresort.info/ski-resort/egglila-videmanette-gstaadsaanenrougemont/,3.5
269,http://www.skiresort.info/ski-resort/belalp-blatten/,3.5
270,http://www.skiresort.info/ski-resort/ax-3-domaines-ax-les-thermes/,3.5
271,http://www.skiresort.info/ski-resort/biberwier-marienberg/,3.4
272,http://www.skiresort.info/ski-resort/jenner-schoenau-am-koenigssee/,3.4
273,http://www.skiresort.info/ski-resort/riksgraensen/,3.4
274,http://www.skiresort.info/ski-resort/lavarone/,3.4
275,http://www.skiresort.info/ski-resort/walmendingerhornheuberg-mittelberghirschegg/,3.4
276,http://www.skiresort.info/ski-resort/graechen/,3.4
277,http://www.skiresort.info/ski-resort/muttereralm-muttersgoetzens/,3.4
278,http://www.skiresort.info/ski-resort/wurzeralm-spital-am-pyhrn/,3.4
279,http://www.skiresort.info/ski-resort/valbergbeuil-les-launes/,3.4
280,http://www.skiresort.info/ski-resort/piau-engaly/,3.4
281,http://www.skiresort.info/ski-resort/la-norma/,3.4
282,http://www.skiresort.info/ski-resort/bukovel/,3.4
283,http://www.skiresort.info/ski-resort/aprica/,3.4
284,http://www.skiresort.info/ski-resort/anzere/,3.4
285,http://www.skiresort.info/ski-resort/fichtelberg-oberwiesenthal/,3.3
286,http://www.skiresort.info/ski-resort/ramsau-am-dachstein-rittisberg/,3.3
287,http://www.skiresort.info/ski-resort/ounasvaara-rovaniemi/,3.3
288,http://www.skiresort.info/ski-resort/joechelspitze-bach/,3.3
289,http://www.skiresort.info/ski-resort/grasgehren-bolgengrat/,3.3
290,http://www.skiresort.info/ski-resort/taernaby/,3.3
291,http://www.skiresort.info/ski-resort/fjaellby-bjoerkliden/,3.3
292,http://www.skiresort.info/ski-resort/grebenzen-st-lambrecht/,3.3
293,http://www.skiresort.info/ski-resort/alpenpark-neuss/,3.3
294,http://www.skiresort.info/ski-resort/ankogel-mallnitz/,3.3
295,http://www.skiresort.info/ski-resort/oslo-tryvann-skimore/,3.3
296,http://www.skiresort.info/ski-resort/buerchentoerbel-moosalp/,3.3
297,http://www.skiresort.info/ski-resort/donovaly-park-snow/,3.3
298,http://www.skiresort.info/ski-resort/bialka-tatrzanska-kotelnicakaniowkabania/,3.3
299,http://www.skiresort.info/ski-resort/feuerkogel-ebensee/,3.3
300,http://www.skiresort.info/ski-resort/keilberg-klinovec/,3.3
301,http://www.skiresort.info/ski-resort/fanningberg/,3.3
302,http://www.skiresort.info/ski-resort/mitterdorf-almberg-mitterfirmiansreut/,3.3
303,http://www.skiresort.info/ski-resort/laterns-gapfohl/,3.3
304,http://www.skiresort.info/ski-resort/buchensteinwand-pillersee-st-ulrich-am-pillerseest-jakob-in-haushochfilzen/,3.3
305,http://www.skiresort.info/ski-resort/monte-popolo-eben-im-pongau/,3.3
306,http://www.skiresort.info/ski-resort/chaeserrugg-unterwasseralt-st-johann-toggenburg/,3.3
307,http://www.skiresort.info/ski-resort/gaalaa/,3.3
308,http://www.skiresort.info/ski-resort/balderschwang-hochschelpenriedberger-horn/,3.3
309,http://www.skiresort.info/ski-resort/winterberg-skiliftkarussell/,3.3
310,http://www.skiresort.info/ski-resort/hahnenkamm-hoefenreutte/,3.3
311,http://www.skiresort.info/ski-resort/voss-resort/,3.3
312,http://www.skiresort.info/ski-resort/super-sauze/,3.3
313,http://www.skiresort.info/ski-resort/soerenberg-rothorndorf/,3.3
314,http://www.skiresort.info/ski-resort/saint-lucchandolin-anniviers/,3.3
315,http://www.skiresort.info/ski-resort/sainte-foy-tarentaise/,3.3
316,http://www.skiresort.info/ski-resort/riserva-bianca-limone-piemonte/,3.3
317,http://www.skiresort.info/ski-resort/pila/,3.3
318,http://www.skiresort.info/ski-resort/oppdal/,3.3
319,http://www.skiresort.info/ski-resort/luz-ardiden/,3.3
320,http://www.skiresort.info/ski-resort/les-karellis/,3.3
321,http://www.skiresort.info/ski-resort/goldeck-spittal-an-der-drau/,3.3
322,http://www.skiresort.info/ski-resort/cimone-montecretosestolale-polle/,3.3
323,http://www.skiresort.info/ski-resort/betelberg-lenk/,3.3
324,http://www.skiresort.info/ski-resort/aussois/,3.3
325,http://www.skiresort.info/ski-resort/arkhyz/,3.3
326,http://www.skiresort.info/ski-resort/areches-beaufort/,3.3
327,http://www.skiresort.info/ski-resort/goetschen-bischofswiesen/,3.2
328,http://www.skiresort.info/ski-resort/snow-dome-bispingen/,3.2
329,http://www.skiresort.info/ski-resort/nordkette-innsbruck/,3.2
330,http://www.skiresort.info/ski-resort/lipno/,3.2
331,http://www.skiresort.info/ski-resort/rangger-koepfl-oberperfuss/,3.2
332,http://www.skiresort.info/ski-resort/gazprom-mountain-resort/,3.2
333,http://www.skiresort.info/ski-resort/vals-3000-dachberg/,3.2
334,http://www.skiresort.info/ski-resort/santa-caterina-valfurva/,3.2
335,http://www.skiresort.info/ski-resort/snowworld-landgraaf/,3.2
336,http://www.skiresort.info/ski-resort/zauberberg-semmering/,3.2
337,http://www.skiresort.info/ski-resort/gschwandtkopf-seefeld/,3.2
338,http://www.skiresort.info/ski-resort/oberaudorf-hocheck/,3.2
339,http://www.skiresort.info/ski-resort/ochsenkopf/,3.2
340,http://www.skiresort.info/ski-resort/jungholz/,3.2
341,http://www.skiresort.info/ski-resort/vercorin/,3.2
342,http://www.skiresort.info/ski-resort/valchiavenna-madesimocampodolcino/,3.2
343,http://www.skiresort.info/ski-resort/st-jean-montclar/,3.2
344,http://www.skiresort.info/ski-resort/san-domenico-alpe-ciamporino/,3.2
345,http://www.skiresort.info/ski-resort/porte-puymorens/,3.2
346,http://www.skiresort.info/ski-resort/ovronnaz/,3.2
347,http://www.skiresort.info/ski-resort/mount-parnassos-fterolakkakellaria/,3.2
348,http://www.skiresort.info/ski-resort/melchsee-frutt-kerns/,3.2
349,http://www.skiresort.info/ski-resort/leysin/,3.2
350,http://www.skiresort.info/ski-resort/les-marecottes-salvan/,3.2
351,http://www.skiresort.info/ski-resort/le-seignus/,3.2
352,http://www.skiresort.info/ski-resort/le-lioran/,3.2
353,http://www.skiresort.info/ski-resort/krasnaya-polyana-resort/,3.2
354,http://www.skiresort.info/ski-resort/gourette-eaux-bonnes/,3.2
355,http://www.skiresort.info/ski-resort/font-romeubolquere-pyrenees-2000/,3.2
356,http://www.skiresort.info/ski-resort/courmayeur-checrouitval-veny/,3.2
357,http://www.skiresort.info/ski-resort/charmey/,3.2
358,http://www.skiresort.info/ski-resort/boi-tauell/,3.2
359,http://www.skiresort.info/ski-resort/abetoneval-di-luce/,3.2
360,http://www.skiresort.info/ski-resort/vitoshaaleko-sofia/,3.1
361,http://www.skiresort.info/ski-resort/babin-do-bjelasnica/,3.1
362,http://www.skiresort.info/ski-resort/beitostoelen/,3.1
363,http://www.skiresort.info/ski-resort/leukerbad/,3.1
364,http://www.skiresort.info/ski-resort/strbske-pleso/,3.1
365,http://www.skiresort.info/ski-resort/kolbensattel-oberammergau/,3.1
366,http://www.skiresort.info/ski-resort/willingen-ettelsberg/,3.1
367,http://www.skiresort.info/ski-resort/pragelato/,3.1
368,http://www.skiresort.info/ski-resort/campo-felice-rocca-di-cambio/,3.1
369,http://www.skiresort.info/ski-resort/glacier-3000-les-diablerets/,3.1
370,http://www.skiresort.info/ski-resort/zoncolan-ravasclettosutrio/,3.1
371,http://www.skiresort.info/ski-resort/wasserngrat-gstaad/,3.1
372,http://www.skiresort.info/ski-resort/tschiertschen/,3.1
373,http://www.skiresort.info/ski-resort/thollon-les-memises/,3.1
374,http://www.skiresort.info/ski-resort/tarvisio-monte-lussari/,3.1
375,http://www.skiresort.info/ski-resort/stuhleck-spital-am-semmering/,3.1
376,http://www.skiresort.info/ski-resort/strandafjellet/,3.1
377,http://www.skiresort.info/ski-resort/st-pierre-de-chartreuse-le-planolet/,3.1
378,http://www.skiresort.info/ski-resort/praz-de-lyssommand-taningesmieussy/,3.1
379,http://www.skiresort.info/ski-resort/port-del-comte/,3.1
380,http://www.skiresort.info/ski-resort/piani-di-bobbio/,3.1
381,http://www.skiresort.info/ski-resort/panticosa/,3.1
382,http://www.skiresort.info/ski-resort/nara-leontica/,3.1
383,http://www.skiresort.info/ski-resort/mythenregion/,3.1
384,http://www.skiresort.info/ski-resort/mt-elbrus/,3.1
385,http://www.skiresort.info/ski-resort/montecampione-alpiazprato-secondinoplan-di-montecampione/,3.1
386,http://www.skiresort.info/ski-resort/markbachjochlanerkoepfl-niederau/,3.1
387,http://www.skiresort.info/ski-resort/mariborsko-pohorje-maribor/,3.1
388,http://www.skiresort.info/ski-resort/le-lys-cauterets/,3.1
389,http://www.skiresort.info/ski-resort/lelexcrozet/,3.1
390,http://www.skiresort.info/ski-resort/la-berra-la-roche/,3.1
391,http://www.skiresort.info/ski-resort/kanin-sella-neveabovec/,3.1
392,http://www.skiresort.info/ski-resort/innerkrems-kremsbruecke-krems-in-kaernten/,3.1
393,http://www.skiresort.info/ski-resort/hirmentazles-haberes-bellevauxhabere-poche/,3.1
394,http://www.skiresort.info/ski-resort/espot-esqui/,3.1
395,http://www.skiresort.info/ski-resort/cari/,3.1
396,http://www.skiresort.info/ski-resort/candanchu/,3.1
397,http://www.skiresort.info/ski-resort/braunwald/,3.1
398,http://www.skiresort.info/ski-resort/bosco-gurin-grossalp/,3.1
399,http://www.skiresort.info/ski-resort/astun/,3.1
400,http://www.skiresort.info/ski-resort/alpe-du-grand-serre-la-morte/,3.1
401,http://www.skiresort.info/ski-resort/kristberg-silbertal/,3.0
402,http://www.skiresort.info/ski-resort/mechi-chal-chepelare/,3.0
403,http://www.skiresort.info/ski-resort/ravna-planina/,3.0
404,http://www.skiresort.info/ski-resort/reith-bei-kitzbuehel/,3.0
405,http://www.skiresort.info/ski-resort/san-vito-di-cadore/,3.0
406,http://www.skiresort.info/ski-resort/proeller-skidreieck-st-englmar/,3.0
407,http://www.skiresort.info/ski-resort/schetteregg-egg/,3.0
408,http://www.skiresort.info/ski-resort/blafjoell/,3.0
409,http://www.skiresort.info/ski-resort/geisskopf-bischofsmais/,3.0
410,http://www.skiresort.info/ski-resort/neunerkoepfle-tannheim/,3.0
411,http://www.skiresort.info/ski-resort/fuessener-joechle-graen/,3.0
412,http://www.skiresort.info/ski-resort/zugspitze/,3.0
413,http://www.skiresort.info/ski-resort/postwiesen-skidorf-neuastenberg/,3.0
414,http://www.skiresort.info/ski-resort/san-bernardino/,3.0
415,http://www.skiresort.info/ski-resort/cerkno/,3.0
416,http://www.skiresort.info/ski-resort/valmalenco-alpe-palu/,3.0
417,http://www.skiresort.info/ski-resort/valdezcaray/,3.0
418,http://www.skiresort.info/ski-resort/torgnon/,3.0
419,http://www.skiresort.info/ski-resort/taenndalen/,3.0
420,http://www.skiresort.info/ski-resort/superbesse-puy-de-sancy/,3.0
421,http://www.skiresort.info/ski-resort/straja/,3.0
422,http://www.skiresort.info/ski-resort/stari-vrh/,3.0
423,http://www.skiresort.info/ski-resort/sinaia/,3.0
424,http://www.skiresort.info/ski-resort/sangiacomocardini-monte-alpet/,3.0
425,http://www.skiresort.info/ski-resort/romme-alpin/,3.0
426,http://www.skiresort.info/ski-resort/roc-denfer-st-jean-daulps-la-grande-terchebellevaux-la-chevrerie/,3.0
427,http://www.skiresort.info/ski-resort/rittner-horn-corno-del-renon-ritten-renon/,3.0
428,http://www.skiresort.info/ski-resort/pralognan-la-vanoise/,3.0
429,http://www.skiresort.info/ski-resort/praebichl-vordernberg/,3.0
430,http://www.skiresort.info/ski-resort/port-aine/,3.0
431,http://www.skiresort.info/ski-resort/piana-di-vigezzo-craveggiasanta-maria-maggiore/,3.0
432,http://www.skiresort.info/ski-resort/petzen-feistritz-ob-bleiburg/,3.0
433,http://www.skiresort.info/ski-resort/pesciuem-airolo/,3.0
434,http://www.skiresort.info/ski-resort/padola-ski-area-comelico/,3.0
435,http://www.skiresort.info/ski-resort/norefjell/,3.0
436,http://www.skiresort.info/ski-resort/nevis-range/,3.0
437,http://www.skiresort.info/ski-resort/nax-mont-noble/,3.0
438,http://www.skiresort.info/ski-resort/monte-magnola-ovindoli/,3.0
439,http://www.skiresort.info/ski-resort/metabief/,3.0
440,http://www.skiresort.info/ski-resort/macugnaga/,3.0
441,http://www.skiresort.info/ski-resort/luchon-superbagneres/,3.0
442,http://www.skiresort.info/ski-resort/lorica/,3.0
443,http://www.skiresort.info/ski-resort/lofsdalen/,3.0
444,http://www.skiresort.info/ski-resort/les-brasses/,3.0
445,http://www.skiresort.info/ski-resort/le-mont-dore/,3.0
446,http://www.skiresort.info/ski-resort/le-collet-dallevard/,3.0
447,http://www.skiresort.info/ski-resort/la-pinilla/,3.0
448,http://www.skiresort.info/ski-resort/lagazuoi5-torri-passo-giaupasso-falzarego/,3.0
449,http://www.skiresort.info/ski-resort/la-colmiane/,3.0
450,http://www.skiresort.info/ski-resort/la-braye-chateau-doex/,3.0
451,http://www.skiresort.info/ski-resort/klewenalpstockhuette-beckenriedemmetten/,3.0
452,http://www.skiresort.info/ski-resort/klaeppen/,3.0
453,http://www.skiresort.info/ski-resort/kitzbueheler-horn/,3.0
454,http://www.skiresort.info/ski-resort/kasberg-gruenau-im-almtal/,3.0
455,http://www.skiresort.info/ski-resort/kaisereggriggisalp-schwarzsee/,3.0
456,http://www.skiresort.info/ski-resort/jaun/,3.0
457,http://www.skiresort.info/ski-resort/hoch-imst-imst/,3.0
458,http://www.skiresort.info/ski-resort/guzet/,3.0
459,http://www.skiresort.info/ski-resort/gerardmer-la-mauselaine/,3.0
460,http://www.skiresort.info/ski-resort/foppolocarona-brembo-ski/,3.0
461,http://www.skiresort.info/ski-resort/evolene/,3.0
462,http://www.skiresort.info/ski-resort/dombay/,3.0
463,http://www.skiresort.info/ski-resort/champorcher/,3.0
464,http://www.skiresort.info/ski-resort/branaes/,3.0
465,http://www.skiresort.info/ski-resort/brambrueeschdreibuendenstein-chur/,3.0
466,http://www.skiresort.info/ski-resort/bonneval-sur-arc/,3.0
467,http://www.skiresort.info/ski-resort/big-wood/,3.0
468,http://www.skiresort.info/ski-resort/balmeles-autannes-vallorcinele-tour/,3.0
469,http://www.skiresort.info/ski-resort/artouste/,3.0
470,http://www.skiresort.info/ski-resort/antagnod/,3.0
471,http://www.skiresort.info/ski-resort/abries/,3.0
472,http://www.skiresort.info/ski-resort/galsterberg-pruggern/,2.9
473,http://www.skiresort.info/ski-resort/savin-kuk-zabljak/,2.9
474,http://www.skiresort.info/ski-resort/passo-dello-stelvio-stelvio-pass/,2.9
475,http://www.skiresort.info/ski-resort/belchen/,2.9
476,http://www.skiresort.info/ski-resort/dachstein-glacier-dachsteingletscher/,2.9
477,http://www.skiresort.info/ski-resort/hochstein-lienz/,2.9
478,http://www.skiresort.info/ski-resort/schoeneck-skiwelt/,2.9
479,http://www.skiresort.info/ski-resort/karwendel-bergbahn-zwoelferkopf-pertisau/,2.9
480,http://www.skiresort.info/ski-resort/rofan-maurach/,2.9
481,http://www.skiresort.info/ski-resort/obertilliach-golzentipp/,2.9
482,http://www.skiresort.info/ski-resort/baranci-haunold-san-candido-innichen/,2.9
483,http://www.skiresort.info/ski-resort/wispile-gstaad/,2.9
484,http://www.skiresort.info/ski-resort/valgrande-pajares/,2.9
485,http://www.skiresort.info/ski-resort/tornik-zlatibor/,2.9
486,http://www.skiresort.info/ski-resort/stoeten/,2.9
487,http://www.skiresort.info/ski-resort/steibis-imberg-oberstaufen/,2.9
488,http://www.skiresort.info/ski-resort/sainte-anne-la-condamine-la-condamine-chatelard/,2.9
489,http://www.skiresort.info/ski-resort/roubion-les-buisses/,2.9
490,http://www.skiresort.info/ski-resort/reallon/,2.9
491,http://www.skiresort.info/ski-resort/rauland-skisenterholtardalen/,2.9
492,http://www.skiresort.info/ski-resort/ramundberget/,2.9
493,http://www.skiresort.info/ski-resort/prati-di-tivo/,2.9
494,http://www.skiresort.info/ski-resort/popova-sapka/,2.9
495,http://www.skiresort.info/ski-resort/piancavallo/,2.9
496,http://www.skiresort.info/ski-resort/pelvouxvallouise/,2.9
497,http://www.skiresort.info/ski-resort/passo-maniva/,2.9
498,http://www.skiresort.info/ski-resort/olimpica-borsa/,2.9
499,http://www.skiresort.info/ski-resort/oeschinensee-kandersteg/,2.9
500,http://www.skiresort.info/ski-resort/nesfjellet-nesbyen/,2.9
501,http://www.skiresort.info/ski-resort/mt-cheget/,2.9
502,http://www.skiresort.info/ski-resort/molines-en-queyrassaint-veran/,2.9
503,http://www.skiresort.info/ski-resort/moleson/,2.9
504,http://www.skiresort.info/ski-resort/mijouxla-faucille/,2.9
505,http://www.skiresort.info/ski-resort/mavrovo-zare-lazareski/,2.9
506,http://www.skiresort.info/ski-resort/marbach-marbachegg/,2.9
507,http://www.skiresort.info/ski-resort/lemelette-gallio/,2.9
508,http://www.skiresort.info/ski-resort/la-pierre-saint-martin/,2.9
509,http://www.skiresort.info/ski-resort/la-doleles-tuffes-jura-sur-leman/,2.9
510,http://www.skiresort.info/ski-resort/kouty-nad-desnou/,2.9
511,http://www.skiresort.info/ski-resort/kobla-bohinj/,2.9
512,http://www.skiresort.info/ski-resort/karkogel-abtenau/,2.9
513,http://www.skiresort.info/ski-resort/huendlethalkirchdorf-oberstaufen/,2.9
514,http://www.skiresort.info/ski-resort/horni-domky-lysa-hora/,2.9
515,http://www.skiresort.info/ski-resort/hochkar-goestling/,2.9
516,http://www.skiresort.info/ski-resort/gressoney-saint-jean-weissmatten/,2.9
517,http://www.skiresort.info/ski-resort/gran-sasso-campo-imperatore/,2.9
518,http://www.skiresort.info/ski-resort/glenshee/,2.9
519,http://www.skiresort.info/ski-resort/glencoe-mountain/,2.9
520,http://www.skiresort.info/ski-resort/giw-visperterminen/,2.9
521,http://www.skiresort.info/ski-resort/gemeindealpe-mitterbach-am-erlaufsee/,2.9
522,http://www.skiresort.info/ski-resort/gavarniegedre-les-especieres/,2.9
523,http://www.skiresort.info/ski-resort/gautefall/,2.9
524,http://www.skiresort.info/ski-resort/gaissau-hintersee/,2.9
525,http://www.skiresort.info/ski-resort/forni-di-sopra/,2.9
526,http://www.skiresort.info/ski-resort/falakro/,2.9
527,http://www.skiresort.info/ski-resort/elsigen-metsch-frutigen/,2.9
528,http://www.skiresort.info/ski-resort/darlux-berguen/,2.9
529,http://www.skiresort.info/ski-resort/crissolo-monviso/,2.9
530,http://www.skiresort.info/ski-resort/crevacol/,2.9
531,http://www.skiresort.info/ski-resort/cima-piazzisan-colombano-isolacciaoga/,2.9
532,http://www.skiresort.info/ski-resort/chabanon/,2.9
533,http://www.skiresort.info/ski-resort/cerna-hora-janske-lazne/,2.9
534,http://www.skiresort.info/ski-resort/ceillac-en-queyras/,2.9
535,http://www.skiresort.info/ski-resort/campitello-matese/,2.9
536,http://www.skiresort.info/ski-resort/cambre-daze-eynesaint-pierre-dels-forcats/,2.9
537,http://www.skiresort.info/ski-resort/buergeralpe-mariazell/,2.9
538,http://www.skiresort.info/ski-resort/bjorli/,2.9
539,http://www.skiresort.info/ski-resort/bernex/,2.9
540,http://www.skiresort.info/ski-resort/arolla/,2.9
541,http://www.skiresort.info/ski-resort/arnoldstein-dreilaendereck/,2.9
542,http://www.skiresort.info/ski-resort/altopiano-di-brentonico-polsasan-valentino/,2.9
543,http://www.skiresort.info/ski-resort/alto-campoo/,2.9
544,http://www.skiresort.info/ski-resort/alpe-del-nevegal/,2.9
545,http://www.skiresort.info/ski-resort/albiez-montrond/,2.9
546,http://www.skiresort.info/ski-resort/szymoszkowa/,2.8
547,http://www.skiresort.info/ski-resort/kasprowy-wierch-zakopane/,2.8
548,http://www.skiresort.info/ski-resort/kelchsau/,2.8
549,http://www.skiresort.info/ski-resort/kellerjoch-schwaz/,2.8
550,http://www.skiresort.info/ski-resort/steckenberg-unterammergau/,2.8
551,http://www.skiresort.info/ski-resort/bjoernrike/,2.8
552,http://www.skiresort.info/ski-resort/kloevsjoestorhogna/,2.8
553,http://www.skiresort.info/ski-resort/duvedtegefjaell/,2.8
554,http://www.skiresort.info/ski-resort/kranjska-gora/,2.8
555,http://www.skiresort.info/ski-resort/zieleniec/,2.8
556,http://www.skiresort.info/ski-resort/wiriehorn/,2.8
557,http://www.skiresort.info/ski-resort/vratna/,2.8
558,http://www.skiresort.info/ski-resort/vraadal/,2.8
559,http://www.skiresort.info/ski-resort/velka-raca/,2.8
560,http://www.skiresort.info/ski-resort/vassfjellet-klaebutrondheim/,2.8
561,http://www.skiresort.info/ski-resort/vasilitsa/,2.8
562,http://www.skiresort.info/ski-resort/val-louron/,2.8
563,http://www.skiresort.info/ski-resort/valdesqui/,2.8
564,http://www.skiresort.info/ski-resort/uvdal-alpinsenter/,2.8
565,http://www.skiresort.info/ski-resort/unterbaech-brandalpginals/,2.8
566,http://www.skiresort.info/ski-resort/tschentenalp-adelboden/,2.8
567,http://www.skiresort.info/ski-resort/tjoerhomfjelletaalsheia-skisenter-sirdal/,2.8
568,http://www.skiresort.info/ski-resort/szklarska-poreba-szrenica/,2.8
569,http://www.skiresort.info/ski-resort/stara-planina-babin-zub/,2.8
570,http://www.skiresort.info/ski-resort/spiazzi-di-gromo/,2.8
571,http://www.skiresort.info/ski-resort/sattel-hochstuckli/,2.8
572,http://www.skiresort.info/ski-resort/sarn-heinzenberg/,2.8
573,http://www.skiresort.info/ski-resort/sappada/,2.8
574,http://www.skiresort.info/ski-resort/san-isidro-zona-cebolledo/,2.8
575,http://www.skiresort.info/ski-resort/sampeyre/,2.8
576,http://www.skiresort.info/ski-resort/saint-leger-les-melezes/,2.8
577,http://www.skiresort.info/ski-resort/ruzomberok-skipark/,2.8
578,http://www.skiresort.info/ski-resort/puigmal/,2.8
579,http://www.skiresort.info/ski-resort/puerto-navacerrada/,2.8
580,http://www.skiresort.info/ski-resort/predeal/,2.8
581,http://www.skiresort.info/ski-resort/pradedmysak-mala-moravka-ski-karlov/,2.8
582,http://www.skiresort.info/ski-resort/poiana-brasov/,2.8
583,http://www.skiresort.info/ski-resort/plesivec-abertamy/,2.8
584,http://www.skiresort.info/ski-resort/planneralm-donnersbach/,2.8
585,http://www.skiresort.info/ski-resort/pian-mune-paesana/,2.8
586,http://www.skiresort.info/ski-resort/pescasseroli/,2.8
587,http://www.skiresort.info/ski-resort/panarotta-2002-valsugana/,2.8
588,http://www.skiresort.info/ski-resort/palumbosila/,2.8
589,http://www.skiresort.info/ski-resort/oetscher-lackenhof-gaming/,2.8
590,http://www.skiresort.info/ski-resort/monte-verena-mezzaselva-di-roana/,2.8
591,http://www.skiresort.info/ski-resort/meaudre/,2.8
592,http://www.skiresort.info/ski-resort/meander-skipark-oravice/,2.8
593,http://www.skiresort.info/ski-resort/lizzola/,2.8
594,http://www.skiresort.info/ski-resort/lessert-abondance/,2.8
595,http://www.skiresort.info/ski-resort/les-mossesla-lecherette/,2.8
596,http://www.skiresort.info/ski-resort/le-semnoz/,2.8
597,http://www.skiresort.info/ski-resort/le-mourtis/,2.8
598,http://www.skiresort.info/ski-resort/le-grand-puy/,2.8
599,http://www.skiresort.info/ski-resort/la-robella-buttes-val-de-travers/,2.8
600,http://www.skiresort.info/ski-resort/la-fouly/,2.8
601,http://www.skiresort.info/ski-resort/la-covatilla-sierra-de-bejar/,2.8
602,http://www.skiresort.info/ski-resort/laceno-bagnoli-irpino/,2.8
603,http://www.skiresort.info/ski-resort/la-bresse-hohneck/,2.8
604,http://www.skiresort.info/ski-resort/kongsberg-skimore/,2.8
605,http://www.skiresort.info/ski-resort/kolasportland/,2.8
606,http://www.skiresort.info/ski-resort/klippitztoerl/,2.8
607,http://www.skiresort.info/ski-resort/kampenwand-aschau-im-chiemgau/,2.8
608,http://www.skiresort.info/ski-resort/hochwang-goldgruben/,2.8
609,http://www.skiresort.info/ski-resort/funaesdalsberget/,2.8
610,http://www.skiresort.info/ski-resort/formigueres/,2.8
611,http://www.skiresort.info/ski-resort/fendels/,2.8
612,http://www.skiresort.info/ski-resort/czarna-gora-sienna/,2.8
613,http://www.skiresort.info/ski-resort/corno-alle-scale-lizzano-in-belvedere/,2.8
614,http://www.skiresort.info/ski-resort/colere/,2.8
615,http://www.skiresort.info/ski-resort/col-de-rousset/,2.8
616,http://www.skiresort.info/ski-resort/chiomonte-frais/,2.8
617,http://www.skiresort.info/ski-resort/champex-lac-orsieres/,2.8
618,http://www.skiresort.info/ski-resort/chalmazel/,2.8
619,http://www.skiresort.info/ski-resort/campo-stella-leonessa/,2.8
620,http://www.skiresort.info/ski-resort/cairngorm-mountain/,2.8
621,http://www.skiresort.info/ski-resort/bugnenets-savagnieres-saint-imier/,2.8
622,http://www.skiresort.info/ski-resort/brezovica/,2.8
623,http://www.skiresort.info/ski-resort/boedele-schwarzenberg/,2.8
624,http://www.skiresort.info/ski-resort/bjursaas-ski-center/,2.8
625,http://www.skiresort.info/ski-resort/bivio/,2.8
626,http://www.skiresort.info/ski-resort/bielmonte/,2.8
627,http://www.skiresort.info/ski-resort/autrans-la-sure/,2.8
628,http://www.skiresort.info/ski-resort/auronzo-di-cadore-monte-agudo/,2.8
629,http://www.skiresort.info/ski-resort/audibergue/,2.8
630,http://www.skiresort.info/ski-resort/ascou-pailheres/,2.8
631,http://www.skiresort.info/ski-resort/argentera/,2.8
632,http://www.skiresort.info/ski-resort/ancelle/,2.8
633,http://www.skiresort.info/ski-resort/alpe-di-mera-scopello/,2.8
634,http://www.skiresort.info/ski-resort/aillons-margeriaz/,2.8
635,http://www.skiresort.info/ski-resort/aillon-le-jeune/,2.8
636,http://www.skiresort.info/ski-resort/aflenz-buergeralm/,2.8
637,http://www.skiresort.info/ski-resort/adria-ski-kupres/,2.8
638,http://www.skiresort.info/ski-resort/les-planards/,2.7
639,http://www.skiresort.info/ski-resort/todtnauberg/,2.7
640,http://www.skiresort.info/ski-resort/snow-arena-druskininkai/,2.7
641,http://www.skiresort.info/ski-resort/hawran-jurgow/,2.7
642,http://www.skiresort.info/ski-resort/vigiljoch-monte-san-vigilio-lana/,2.7
643,http://www.skiresort.info/ski-resort/altastenberg/,2.7
644,http://www.skiresort.info/ski-resort/burglift-stans/,2.7
645,http://www.skiresort.info/ski-resort/snowworld-rucphen/,2.7
646,http://www.skiresort.info/ski-resort/snowworld-zoetermeer/,2.7
647,http://www.skiresort.info/ski-resort/unternberg-ruhpolding/,2.7
648,http://www.skiresort.info/ski-resort/heutal-unken/,2.7
649,http://www.skiresort.info/ski-resort/silberberg-bodenmais/,2.7
